Description,Code,Number of jobs (thousand),Median,change,Mean,change,10,20,25,30,40,60,70,75,80,90
United Kingdom ,K02000001,"23,901","25,990",,"31,437",,"8,788","14,163","16,733","18,722","22,210","30,265","35,567","38,890","42,522","54,657"
Great Britain,K03000001,"22,823","26,069",,"31,604",,"8,807","14,220","16,800","18,809","22,275","30,373","35,708","39,031","42,679","54,983"
England and Wales,K04000001,"20,801","26,067",,"31,770",,"8,788","14,168","16,773","18,779","22,250","30,370","35,742","39,086","42,826","55,295"
England,E92000001,"19,707","26,213",,"32,028",,"8,788","14,190","16,803","18,830","22,339","30,500","35,956","39,349","43,190","55,801"
North East ,E12000001,860,"23,514",,"26,938",,"8,747","13,635","15,982","17,651","20,492","27,041","31,120","33,848","37,016","46,625"
Darlington UA,E06000005,35,"24,784",,"28,341",,x,x,x,x,"20,844",x,x,x,x,x
Hartlepool UA,E06000001,32,"24,421",,"25,368",,x,"15,174","16,298","17,607","21,497",x,x,x,x,x
Middlesbrough UA,E06000002,42,"21,968",,"24,238",,x,x,x,"15,616","19,707","24,989","28,286","29,542",x,x
Redcar and Cleveland UA,E06000003,42,"21,661",,"24,042",,"8,666","13,250","16,530","17,473","19,006","24,356","27,419","30,182","32,755",x
Stockton-on-Tees UA,E06000004,64,"24,598",,"26,586",,x,"13,225","16,190","18,478","21,083","27,337","31,383","33,915","36,898",x
County Durham UA,E06000047,184,"24,245",,"27,846",,"10,107","14,577","16,558","18,023","20,740","27,957","32,800","35,253","38,045","46,916"
Northumberland UA,E06000057,101,"23,265",,"26,449",,x,"11,618","14,307","16,398","19,896","27,000","30,782","33,625","36,609",x
Tyne and Wear Met County,E11000007,359,"23,285",,"27,334",,"8,957","13,846","16,300","17,896","20,592","26,783","31,181","34,095","37,422","47,514"
  Gateshead,E08000037,65,"23,263",,"27,157",,"7,834","13,326","16,127","17,947","20,670","26,087","30,708","34,084","37,379",x
  Newcastle upon Tyne,E08000021,85,"24,377",,"30,374",,"8,374","13,552","16,228","17,296","20,507","28,841","33,447","37,497","41,383",x
  North Tyneside,E08000022,74,"25,179",,"28,540",,"9,330","13,748","15,755","17,934","21,222","27,951","34,036","37,015","40,034",x
  South Tyneside,E08000023,40,"22,863",,"27,219",,"10,528","14,587","17,008","18,520","21,055","26,974","30,682","34,504","35,923",x
  Sunderland,E08000024,95,"21,944",,"23,837",,"8,874","13,966","16,270","17,520","19,852","24,671","28,049","30,328","32,888",x
North West ,E12000002,"2,490","24,423",,"28,509",,"8,485","13,518","15,792","17,943","21,085","28,368","33,439","36,539","40,190","50,798"
Blackburn with Darwen UA,E06000008,43,"20,895",,"22,902",,"7,495","11,511","13,634","15,452","18,158","24,560","27,072","28,793","31,734",x
Blackpool UA,E06000009,49,"20,361",,"22,319",,"7,985","12,481","14,389","16,079","18,294","22,098","25,512","28,233","31,677",x
Halton UA,E06000006,51,"23,583",,"27,796",,"9,128","13,187","16,319","18,047","21,350","27,444","32,397","36,501","41,420",x
Warrington UA,E06000007,90,"26,020",,"30,617",,"8,810","15,924","18,584","20,031","23,001","31,009","36,369","39,511","42,965",x
Cheshire East UA,E06000049,148,"24,873",,"31,797",,"8,048","13,119","15,501","17,750","21,406","29,957","36,211","38,706","42,470",x
Cheshire West and Chester ,E06000050,138,"26,487",,"31,861",,"9,415","14,927","17,984","19,814","22,672","31,177","36,434","39,106","42,417",x
Cumbria,E10000006,184,"25,765",,"29,419",,"8,620","13,695","16,315","17,954","21,213","30,952","36,076","39,296","43,001","53,784"
  Allerdale,E07000026,38,"29,754",,"33,170",,"9,871","15,420","17,389","19,146","24,416","35,677","41,275","45,125","49,718",x
  Barrow-in-Furness,E07000027,24,"28,416",,"31,301",,x,"15,458","17,833","18,706","23,409","34,498","38,462","39,949",x,x
  Carlisle,E07000028,37,"21,381",,"24,008",,x,"12,055","13,425","16,090","18,959","24,772","27,963","31,413","32,445",x
  Copeland,E07000029,27,"32,776",,"35,908",,x,"13,416","16,435","19,974","25,860","42,514","53,056","53,784","55,573",x
  Eden,E07000030,19,"22,117",,"24,580",,x,"10,490","12,941","16,042","18,990","27,190","32,733","34,104",x,x
  South Lakeland,E07000031,39,"25,174",,"27,537",,x,x,"17,204","18,614","21,041","29,549","32,914","35,274",x,x
Greater Manchester Met County,E11000001,881,"24,282",,"28,422",,"8,180","13,259","15,662","17,745","21,057","27,937","32,842","35,635","39,215","50,684"
  Bolton,E08000001,85,"23,414",,"26,122",,x,"12,338","15,193","17,326","20,417","26,341","30,336","33,135","36,670",x
  Bury,E08000002,61,"27,332",,"29,183",,x,"13,843","16,511","17,862","21,621","30,000","35,199","37,813","40,289",x
  Manchester,E08000003,143,"23,044",,"26,580",,"7,757","12,403","14,096","16,623","20,063","26,554","30,776","33,191","36,577","47,834"
  Oldham,E08000004,73,"23,662",,"27,531",,"9,732","14,198","15,921","17,518","20,656","26,800","30,816","33,905","37,894",x
  Rochdale,E08000005,62,"22,506",,"26,320",,"7,568","13,450","15,266","17,497","20,200","25,559","30,746","34,510","37,623",x
  Salford,E08000006,88,"23,303",,"26,508",,"7,036","11,581","14,759","16,970","20,898","27,054","31,580","33,303","35,985",x
  Stockport,E08000007,103,"25,422",,"32,017",,x,x,"17,270","19,173","22,370","29,940",x,x,x,x
  Tameside,E08000008,70,"23,278",,"25,805",,"8,184","12,837","15,032","17,184","20,718","26,679","30,140","32,000","34,758",x
  Trafford,E08000009,81,"27,882",,"35,187",,"8,338","13,870","16,530","19,225","23,757","32,220","39,111","42,881","49,459",x
  Wigan,E08000010,116,"25,527",,"28,737",,"9,049","14,016","16,335","18,155","21,502","29,492","34,779","36,817","39,953",x
Lancashire,E10000017,420,"23,727",,"27,538",,"8,114","12,930","14,942","17,302","20,536","27,861","32,876","35,869","39,909","49,194"
  Burnley,E07000117,26,"23,864",,"26,957",,x,"15,142","16,844","18,353","20,970","27,104","30,697","31,895",x,x
  Chorley,E07000118,46,"25,194",,"29,453",,"7,962","13,304","15,487","17,621","21,808","30,480","38,270","41,395","44,514",x
  Fylde,E07000119,29,"26,863",,"31,021",,x,"14,705","17,642","18,731","21,562","30,282","35,635",x,x,x
  Hyndburn,E07000120,27,"23,128",,"25,955",,"7,257","11,555","13,615","15,928","19,840","25,949",x,x,x,x
  Lancaster,E07000121,49,"25,368",,"28,195",,"8,498","13,120","15,259","17,390","21,372","29,750","33,782","35,624","39,079",x
  Pendle,E07000122,25,"20,034",,"22,728",,x,x,"13,194","14,164","16,235","22,323","25,360","28,862",x,x
  Preston,E07000123,50,"22,877",,"25,440",,"7,476","11,244","13,667","15,423","19,792","25,678","29,767","33,071","37,479",x
  Ribble Valley,E07000124,24,"26,994",,"31,518",,"9,165","14,103","18,041","20,001","22,475","33,245","40,235","42,769",x,x
  Rossendale,E07000125,22,"22,857",,"27,014",,"7,740","11,798","13,832","17,197","20,203","27,834","31,676",x,x,x
  South Ribble,E07000126,42,"24,148",,"26,400",,"8,922","12,735","14,238","16,281","21,163","27,134","31,860","34,397","38,271",x
  West Lancashire,E07000127,42,"22,884",,"27,827",,"8,729","14,085","17,060","18,727","20,722","27,190","32,522","34,548","36,894",x
  Wyre,E07000128,38,"23,686",,"27,976",,"6,967","10,517","13,893","16,240","19,893","27,756","33,264","38,031","41,476",x
Merseyside Met County,E11000002,486,"24,755",,"28,008",,"9,171","13,949","16,304","18,345","21,145","28,506","33,215","36,385","40,026","49,280"
  Knowsley,E08000011,53,"24,148",,"27,333",,"8,825","14,129","16,603","19,007","21,409","28,215","32,106","34,270","37,923",x
  Liverpool,E08000012,160,"25,019",,"28,209",,"9,598","14,433","16,683","18,575","21,519","28,678","33,383","37,045","40,094","51,034"
  St. Helens,E08000013,59,"25,745",,"29,521",,"9,585","14,486","17,101","18,913","22,965","29,357","34,115","38,131","42,103",x
  Sefton,E08000014,93,"23,755",,"26,986",,"8,820","13,084","15,108","17,134","19,888","28,063","33,385","36,161","40,295",x
  Wirral,E08000015,122,"24,630",,"28,089",,"9,031","13,691","16,047","18,269","21,073","28,258","33,087","35,553","39,939",x
Yorkshire and The Humber ,E12000003,"1,890","24,057",,"28,001",,"8,657","13,642","15,824","17,871","20,800","27,977","32,474","35,503","39,444","49,848"
East Riding of Yorkshire UA,E06000011,136,"25,427",,"28,856",,"8,663","13,631","15,850","17,861","21,080","29,215","34,837","38,230","42,285",x
Kingston upon Hull UA,E06000010,99,"22,151",,"23,323",,"8,343","12,764","14,753","16,495","19,843","25,185","28,901","30,531","32,463",x
North East Lincolnshire UA,E06000012,49,"22,911",,"27,377",,"8,946","13,791","16,211","17,783","19,700","27,825","32,261","35,038","39,483",x
North Lincolnshire UA,E06000013,57,"23,974",,"28,523",,"9,389","14,369","16,700","18,935","21,423","28,292","33,793","37,027","41,252",x
York UA,E06000014,80,"24,232",,"30,779",,"8,721","13,664","15,585","18,327","21,654","29,441","36,872","40,119","43,842",x
North Yorkshire,E10000023,226,"24,406",,"29,824",,"8,538","13,267","15,630","17,871","20,597","28,536","33,873","37,293","41,298","53,219"
  Craven,E07000163,21,"19,933",,"28,699",,x,x,"11,995","14,571","17,747","24,691",x,x,x,x
  Hambleton,E07000164,27,"22,875",,"27,713",,"8,340","11,595","13,860","17,160","19,821","27,134","30,165","34,913",x,x
  Harrogate,E07000165,66,"27,458",,"34,653",,x,"15,588","18,004","19,380","22,877","32,131","37,658","41,623",x,x
  Richmondshire,E07000166,16,"20,407",,"26,783",,x,"12,111","13,601","14,658","18,223","23,903",x,x,x,x
  Ryedale,E07000167,17,"22,548",,"24,202",,x,x,x,"16,998","20,312","25,943","27,935","29,841",x,x
  Scarborough,E07000168,41,"22,441",,"25,115",,"8,687","13,062","14,373","15,870","19,578","25,576","31,517","33,596","36,387",x
  Selby,E07000169,37,"28,812",,"32,624",,x,"16,037","18,683","19,822","24,421","31,654","37,845","41,360",x,x
South Yorkshire Met County,E11000003,455,"23,677",,"27,331",,"8,673","13,285","15,546","17,631","20,600","27,603","31,922","35,016","38,424","48,329"
  Barnsley,E08000016,86,"23,018",,"27,392",,"10,353","14,346","16,517","18,396","20,740","26,305","31,312","34,758","36,953",x
  Doncaster,E08000017,102,"24,884",,"27,739",,x,"13,250","15,980","17,439","20,653","27,842","31,545","34,000","37,773",x
  Rotherham,E08000018,91,"21,804",,"25,087",,"8,164","12,922","14,416","16,130","19,412","24,675","29,161","31,745","35,036",x
  Sheffield,E08000019,175,"25,001",,"28,231",,"8,352","12,956","15,650","18,009","21,174","29,012","34,064","36,939","40,604","50,938"
West Yorkshire Met County,E11000006,789,"24,241",,"28,025",,"8,682","13,959","16,211","17,979","21,035","28,024","32,403","35,285","39,499","49,843"
  Bradford,E08000032,172,"23,687",,"27,396",,"7,893","12,925","15,501","17,569","20,209","27,218","30,948","32,953","37,131",x
  Calderdale,E08000033,77,"23,567",,"27,049",,"8,224","13,091","15,364","17,921","20,480","26,682","32,103","35,724","39,290",x
  Kirklees,E08000034,160,"23,038",,"26,235",,"8,294","13,097","15,145","16,941","20,009","26,340","30,375","33,533","37,298","46,701"
  Leeds,E08000035,257,"26,292",,"30,123",,"9,296","15,373","17,279","18,983","22,448","30,560","34,996","38,216","41,951","51,688"
  Wakefield,E08000036,123,"23,389",,"27,471",,"9,009","13,762","15,923","17,810","20,422","26,849","31,582","34,566","38,481",x
East Midlands ,E12000004,"1,713","24,646",,"28,553",,"8,793","14,164","16,469","18,141","21,320","28,478","33,079","36,000","39,324","49,562"
Derby UA,E06000015,79,"26,464",,"29,223",,"8,830","14,140","17,126","18,889","22,754","30,677","35,008","38,528","41,423",x
Leicester UA,E06000016,111,"21,200",,"24,092",,"8,036","12,373","14,838","16,491","18,877","24,182","28,078","29,969","32,155",x
North Northamptonshire UA,E06000061,139,"26,083",,"30,922",,x,"15,651","18,000","19,611","22,800","29,891","33,613","36,035","39,646",x
Nottingham UA,E06000018,75,"21,406",,"23,438",,x,"11,901","14,009","16,521","19,215","24,323","27,589","29,472","31,669",x
Rutland UA,E06000017,14,"29,511",,"32,212",,x,x,"19,319","20,934","24,856","32,601",x,x,x,x
West Northamptonshire UA,E06000062,159,"26,644",,"32,299",,"11,277","16,351","18,209","19,952","23,172","30,511","36,468","39,582","42,846",x
Derbyshire,E10000007,286,"25,225",,"29,286",,"8,785","14,835","17,162","18,771","22,098","28,848","33,638","37,036","40,320","52,116"
  Amber Valley,E07000032,50,"24,568",,"29,779",,"7,403","12,496","14,811","17,497","20,739","28,930","36,659",x,x,x
  Bolsover,E07000033,29,"22,683",,"27,669",,"10,625","14,958","16,424","17,474","20,699","26,334","30,269","33,617",x,x
  Chesterfield,E07000034,35,"22,875",,"26,303",,"9,431","14,993","16,870","18,090","21,728","26,511","30,399","32,039","36,570",x
  Derbyshire Dales,E07000035,19,"22,365",,"30,151",,x,"12,544","14,718","16,925","19,304","27,078",x,x,x,x
  Erewash,E07000036,46,"26,220",,"29,901",,"9,144","16,208","18,280","19,476","23,312","29,969","37,102","39,174",x,x
  High Peak,E07000037,31,"23,623",,"27,501",,x,"12,905","15,987","17,994","20,841","28,005","30,004",x,x,x
  North East Derbyshire,E07000038,30,"25,660",,"29,250",,"9,028","15,296","17,658","18,886","22,786","28,464","33,270","35,557",x,x
  South Derbyshire,E07000039,46,"28,712",,"32,332",,"9,034","16,628","19,971","21,583","25,882","33,176","36,935","39,993","42,938",x
Leicestershire,E10000018,272,"25,209",,"28,802",,"9,077","14,454","16,602","18,254","21,471","29,477","34,497","37,458","41,120","50,592"
  Blaby,E07000129,40,"24,844",,"29,405",,x,"15,969","16,984","19,086","22,008","28,336","35,554","39,472","45,049",x
  Charnwood,E07000130,67,"24,283",,"27,362",,"9,613","14,473","16,696","18,029","21,108","28,166","32,018","35,105","38,249",x
  Harborough,E07000131,38,"28,776",,"33,315",,"9,926","15,952","17,452","20,576","24,788","35,762","41,024","44,340","45,378",x
  Hinckley and Bosworth,E07000132,47,"26,220",,"28,988",,"9,749","15,224","18,177","19,718","22,004","30,752","33,666","36,928","40,913",x
  Melton,E07000133,16,"19,023",,"22,387",,x,"11,231","12,265","14,411","17,443","21,377","26,978",x,x,x
  North West Leicestershire,E07000134,42,"25,603",,"29,079",,x,x,"15,745","17,200","22,205","30,929","35,192","38,350",x,x
  Oadby and Wigston,E07000135,22,"22,304",,"28,064",,x,"13,640","15,139","17,071","19,955","26,282","33,838",x,x,x
Lincolnshire,E10000019,285,"24,023",,"27,041",,"8,379","13,254","15,638","17,299","20,733","27,651","32,268","35,000","37,624","46,320"
  Boston,E07000136,27,"22,681",,"23,861",,x,"14,150","16,383","17,294","20,481","24,549","28,395","30,563","32,181",x
  East Lindsey,E07000137,48,"20,159",,"22,635",,"6,267","9,640","12,197","14,147","17,296","24,467","28,516","30,065","32,464",x
  Lincoln,E07000138,34,"21,513",,"24,597",,x,x,x,"15,027","18,074","24,855","30,486","33,751",x,x
  North Kesteven,E07000139,46,"27,034",,"29,316",,"10,601","16,806","18,004","19,713","22,763","31,708","35,848","37,865","40,366",x
  South Holland,E07000140,37,"24,899",,"29,565",,"10,709","15,224","17,049","19,525","22,922","30,426","35,640","37,139","39,133",x
  South Kesteven,E07000141,54,"24,341",,"28,610",,"8,691","12,146","14,635","16,562","20,946","27,376","31,884","34,488",x,x
  West Lindsey,E07000142,39,"26,954",,"29,501",,"8,508","15,690","17,722","19,261","22,550","30,639","34,778","37,622","43,919",x
Nottinghamshire,E10000024,293,"24,331",,"28,563",,"8,524","13,013","15,972","17,889","21,168","28,258","33,215","35,898","39,059","49,679"
  Ashfield,E07000170,45,"23,466",,"26,526",,"8,756","14,819","16,637","18,330","21,123","27,181","30,897","33,502","35,917",x
  Bassetlaw,E07000171,44,x,,"24,919",,"8,730",x,x,"17,295","20,602",x,x,x,x,x
  Broxtowe,E07000172,41,"26,023",,"32,463",,"9,281","14,198","16,167","18,281","22,042","30,533","37,278","40,666",x,x
  Gedling,E07000173,41,"23,215",,"26,687",,"8,019","12,026","13,853","16,247","19,748","28,057","33,453","34,651","37,169",x
  Mansfield,E07000174,39,"21,802",,"23,930",,"7,911","11,183","13,564","15,899","19,536","25,210","28,598","31,472","34,994",x
  Newark and Sherwood,E07000175,40,"23,752",,"28,851",,x,"12,001","15,485","17,161","20,605","28,256","33,444","37,090",x,x
  Rushcliffe,E07000176,45,"28,780",,"36,049",,x,x,x,x,"24,466","33,665",x,x,x,x
West Midlands ,E12000005,"1,942","24,999",,"29,592",,"8,895","14,005","16,437","18,258","21,545","28,875","33,369","36,461","40,000","50,074"
Herefordshire UA,E06000019,67,"22,094",,"26,043",,"6,910",x,"12,500","14,429","18,707","26,937","31,477","32,559","34,494",x
Stoke-on-Trent UA,E06000021,96,"22,769",,"25,493",,"9,764","14,082","15,554","17,028","19,639","26,028","29,549","31,598","34,773",x
Telford and Wrekin UA,E06000020,74,"23,355",,"25,296",,"8,152","12,499","14,312","17,200","20,288","26,930","32,114","34,113","37,670",x
Shropshire UA,E06000051,114,"23,750",,"28,096",,"7,215","11,139","13,954","16,286","20,043","27,405","32,175","35,123","38,400",x
Staffordshire,E10000028,330,"25,845",,"28,694",,"8,993","14,576","17,119","18,775","22,233","29,734","33,649","36,337","40,047","50,484"
  Cannock Chase,E07000192,39,"25,917",,"27,072",,"9,359","15,027","17,152","18,808","22,504","29,232","31,564","33,817","36,467",x
  East Staffordshire,E07000193,44,"23,778",,"26,823",,"7,768","14,368","17,089","18,045","21,063","27,163","30,796","33,427","35,579",x
  Lichfield,E07000194,40,"28,709",,"34,298",,"10,553","17,605","19,898","22,000","24,806","34,420","40,578","42,923","48,265",x
  Newcastle-under-Lyme,E07000195,48,"24,284",,"26,009",,"8,768","12,634","16,447","18,197","21,107","28,258","30,641","31,865","33,725",x
  South Staffordshire,E07000196,43,"27,787",,"29,498",,"8,362","13,936","15,807","18,424","22,311","31,410","36,032","37,602","41,932",x
  Stafford,E07000197,52,"26,249",,"30,195",,"8,324",x,"16,079","18,149","21,729","30,598",x,x,x,x
  Staffordshire Moorlands,E07000198,36,"25,906",,"28,728",,x,"14,563","16,088","18,042","21,973","30,367","35,122","37,118","41,109",x
  Tamworth,E07000199,29,"24,125",,"26,638",,x,x,x,"18,572","21,977","26,981","32,464",x,x,x
Warwickshire,E10000031,234,"27,458",,"33,167",,"9,726","14,719","17,537","19,657","23,508","32,164","38,753","42,322","45,715","61,338"
  North Warwickshire,E07000218,22,"27,246",,"32,344",,"11,027","16,553","18,063","20,172","23,114","31,484","40,120","44,661",x,x
  Nuneaton and Bedworth,E07000219,53,"25,029",,"27,191",,"9,569","13,624","16,281","18,258","21,722","28,012","32,357","36,388","38,535",x
  Rugby,E07000220,46,"28,805",,"31,562",,"10,528","16,950","19,017","20,632","24,635","33,543","38,980","41,186","44,683",x
  Stratford-on-Avon,E07000221,50,"27,007",,"35,352",,x,x,"16,237","18,184","22,897","31,447","39,629",x,x,x
  Warwick,E07000222,63,"30,002",,"37,946",,"9,252","14,326","17,280","20,549","25,119","36,169","42,650","47,312","52,080",x
West Midlands Met County,E11000005,798,"24,907",,"30,298",,"9,150","14,556","16,875","18,593","21,557","28,659","32,988","36,053","39,628","48,883"
  Birmingham,E08000025,266,"24,282",,"28,086",,"8,316","13,777","16,320","18,131","20,923","28,255","32,871","35,834","39,822","49,725"
  Coventry,E08000026,111,"25,725",,"29,447",,"10,571","15,760","17,939","19,705","22,558","30,506","34,875","38,432","42,249",x
  Dudley,E08000027,108,"25,567",,"28,323",,"9,084","15,435","17,124","19,301","22,650","28,682","32,773","35,647","39,938",x
  Sandwell,E08000028,91,"22,853",,"25,171",,x,"14,344","16,330","17,914","20,453","26,345","30,139","31,765","35,021",x
  Solihull,E08000029,69,"30,392",,x,,"9,545","17,394","19,199","21,138","25,359","35,618","40,019",x,x,x
  Walsall,E08000030,81,"23,009",,"26,781",,"8,783","12,661","14,954","16,768","20,078","27,499","30,270","32,397","35,578",x
  Wolverhampton,E08000031,72,"24,283",,"27,211",,"9,813","15,627","17,434","18,790","21,754","27,981","31,640","34,153","37,216",x
Worcestershire,E10000034,229,"25,008",,"29,663",,"9,474","13,949","16,458","18,087","21,940","28,885","34,407","37,234","40,707","52,217"
  Bromsgrove,E07000234,36,"29,424",,"34,308",,"10,585","15,369","16,535","19,151","24,776","34,422","39,534","43,727",x,x
  Malvern Hills,E07000235,22,"26,028",,"30,498",,x,"12,429","13,557","17,600","22,121","31,112","38,001",x,x,x
  Redditch,E07000236,36,"24,076",,"28,187",,"9,613","14,675","16,113","18,106","20,881","26,639","31,455","34,269","36,347",x
  Worcester,E07000237,47,"26,283",,"30,152",,"9,281","15,253","17,439","18,308","22,499","29,384","35,997","38,711","41,158",x
  Wychavon,E07000238,49,"23,139",,"27,633",,"8,103","12,230","13,856","15,799","19,617","26,783","30,228","32,552","35,955",x
  Wyre Forest,E07000239,38,"24,702",,"28,134",,"9,530","16,623","17,776","19,241","21,764","28,386","32,092",x,x,x
East ,E12000006,"2,308","26,838",,"32,499",,"8,784","14,040","16,770","18,911","22,927","30,907","36,799","40,326","44,530","57,702"
Bedford UA,E06000055,74,"26,609",,"31,502",,"10,043","16,105","18,094","20,404","23,762","31,037","35,611","38,885","41,731",x
Central Bedfordshire UA,E06000056,126,"30,231",,"33,551",,"10,927","16,933","19,175","21,029","26,118","34,653","39,779","42,583","46,045",x
Luton UA,E06000032,63,"24,367",,"26,593",,x,"11,979","14,702","16,656","20,785","28,190","31,956","35,822","39,237",x
Peterborough UA,E06000031,78,"24,572",,"28,397",,"9,521","13,770","16,641","18,486","21,289","27,980","31,416","35,479","40,755",x
Southend-on-Sea UA,E06000033,58,"27,557",,"33,844",,"8,321","13,714","16,203","17,474","22,753","32,345","39,983",x,x,x
Thurrock UA,E06000034,57,"29,390",,"33,358",,"9,326","15,299","17,751","19,555","25,485","34,671","38,625","41,978","45,274",x
Cambridgeshire,E10000003,260,"29,003",,"34,483",,"10,012","16,605","18,709","20,529","24,953","33,031","39,033","42,676","46,415","59,747"
  Cambridge,E07000008,46,"31,154",,"38,782",,"9,987","17,718","20,228","22,957","27,363","36,668","42,229","44,854","48,140",x
  East Cambridgeshire,E07000009,35,"27,093",,"33,599",,"9,828","15,329","17,248","19,369","22,310","30,954","37,243","42,308",x,x
  Fenland,E07000010,38,"23,509",,"26,238",,x,x,"16,554","17,709","20,534","27,120","31,269","35,325",x,x
  Huntingdonshire,E07000011,74,"28,246",,"30,998",,"10,571","17,448","18,823","20,434","24,694","30,810","35,048","37,898","41,295",x
  South Cambridgeshire,E07000012,66,"33,715",,"40,616",,"9,363","16,907","20,836","22,745","28,621","39,061","45,930","50,809","55,866",x
Essex,E10000012,506,"26,994",,"34,069",,"8,466","13,270","15,902","18,603","22,781","31,547","37,316","40,894","45,561","61,150"
  Basildon,E07000066,67,"27,016",,"31,302",,"8,670","13,829","15,873","18,916","22,156","31,844","36,501","38,236","44,666",x
  Braintree,E07000067,58,"26,586",,"30,854",,"7,229","11,889","14,757","17,113","21,549","31,090","34,726","38,096","41,791",x
  Brentwood,E07000068,22,"27,310",,x,,x,x,"14,249","17,251","23,101","33,461",x,x,x,x
  Castle Point,E07000069,29,x,,"32,306",,x,x,x,x,x,x,x,x,x,x
  Chelmsford,E07000070,56,"29,487",,"36,576",,"9,163","14,724","17,790","20,750","24,635","35,303","43,381","46,036","50,937",x
  Colchester,E07000071,75,"24,295",,"30,908",,"8,126","12,796","15,261","17,462","20,288","29,261","34,009","37,772","40,766",x
  Epping Forest,E07000072,42,"28,709",,"35,561",,"8,850","14,590","17,793","20,573","25,065",x,x,x,x,x
  Harlow,E07000073,33,"24,865",,"27,823",,"9,962","13,457","15,044","16,992","22,168","27,387","32,142","35,704",x,x
  Maldon,E07000074,23,"27,735",,"39,359",,"8,085",x,x,"19,985","24,141","32,213",x,x,x,x
  Rochford,E07000075,26,"31,803",,"39,121",,x,x,"17,486","19,768","26,199","36,595","46,467",x,x,x
  Tendring,E07000076,45,"25,262",,"28,561",,"7,823","11,865","14,803","17,526","19,886","28,411","31,215","35,070","39,863",x
  Uttlesford,E07000077,32,"26,736",,"35,104",,x,"14,625","17,022","20,761","23,276","33,341","41,304",x,x,x
Hertfordshire,E10000015,464,"28,928",,"36,560",,"8,704","14,167","17,180","19,658","24,740","34,004","41,011","45,422","49,798","67,133"
  Broxbourne,E07000095,37,"27,194",,"31,389",,"8,120","11,514","14,826","18,695","22,502","32,183","37,159","39,963",x,x
  Dacorum,E07000096,63,"27,308",,"33,023",,x,"12,961","15,373","17,776","22,083","31,395","38,994","43,293","48,644",x
  East Hertfordshire,E07000242,61,"30,454",,"42,428",,"9,112","15,246","18,507","20,709","26,340","36,919","46,336",x,x,x
  Hertsmere,E07000098,32,"26,391",,"31,771",,"7,998","10,994","14,031","16,586","22,936","32,012","37,424","41,450",x,x
  North Hertfordshire,E07000099,61,"29,444",,"34,954",,x,x,x,"18,963","25,460","35,984","41,936",x,x,x
  St Albans,E07000240,60,"37,111",,"50,071",,x,x,x,"22,782","29,674","44,856","51,298",x,x,x
  Stevenage,E07000243,34,"23,640",,"29,135",,"9,935","13,590","15,916","17,556","20,266","26,428","32,123","36,386",x,x
  Three Rivers,E07000102,35,"29,266",,"38,721",,"11,513","16,343","19,487","22,463","27,000","33,785","40,308",x,x,x
  Watford,E07000103,41,"28,835",,"32,885",,"9,984",x,x,"21,079","24,289","31,218","37,962",x,x,x
  Welwyn Hatfield,E07000241,41,"28,000",,"32,189",,x,"14,461","17,704","19,764","24,000","31,046","37,137","40,311",x,x
Norfolk,E10000020,339,"24,303",,"27,451",,"7,780","12,870","15,651","17,891","20,924","27,591","31,885","35,193","38,815","48,226"
  Breckland,E07000143,49,"24,150",,"25,744",,"7,624","11,755","14,232","16,115","20,179","26,270","29,048","30,806","34,833",x
  Broadland,E07000144,54,"24,778",,"27,053",,"7,971","12,499","15,064","17,217","19,327","27,490","33,340","35,162","39,289",x
  Great Yarmouth,E07000145,38,"22,283",,"25,303",,"7,201","10,911","13,080","15,461","18,888","25,742","28,925","30,588",x,x
  King's Lynn and West Norfolk,E07000146,59,"22,628",,"26,744",,"7,511","13,208","15,824","17,470","20,275","27,604","31,100","35,398","38,376",x
  North Norfolk,E07000147,32,"22,763",,"25,108",,"6,714","10,646","12,574","14,686","18,808","26,205","30,849","33,951",x,x
  Norwich,E07000148,54,"25,175",,"31,348",,"9,385","16,953","18,670","20,333","22,609","28,948","35,561","40,081","42,427",x
  South Norfolk,E07000149,54,"26,577",,"29,212",,"8,875","14,734","17,184","19,739","23,167","31,136","35,647","37,647","41,531",x
Suffolk,E10000029,283,"24,770",,"29,035",,"8,699","13,123","15,727","18,009","21,431","28,155","32,662","35,402","39,715","49,862"
  Babergh,E07000200,35,"26,685",,"35,334",,x,"16,734","18,281","19,759","23,134","30,000","35,091",x,x,x
  Ipswich,E07000202,61,"23,771",,"26,361",,"8,295","13,019","15,354","18,190","21,159","26,907","30,694","34,068","37,892",x
  Mid Suffolk,E07000203,44,"25,569",,"28,373",,"8,938","12,539","15,655","17,733","22,156","28,528","32,348","35,831","39,711",x
  East Suffolk,E07000244,87,"23,359",,"26,540",,"8,149","12,123","14,210","16,383","19,649","26,858","31,625","33,457","37,796",x
  West Suffolk,E07000245,56,"25,751",,"32,411",,"9,931","13,811","17,404","19,304","22,889","28,946","34,934","39,161","44,172",x
London ,E12000007,"2,809","31,966",,"42,063",,"9,481","16,804","19,876","22,486","27,251","37,334","44,261","48,300","53,670","73,417"
Inner London,E13000001,"1,095","34,226",,"47,775",,"9,658","18,131","21,478","24,089","29,376","39,864","47,000","51,152","57,669","85,011"
  Camden,E09000007,62,"35,102",,"45,539",,x,x,x,"25,367","30,656","40,737","45,654",x,x,x
  City of London,E09000001,x,x,,x,,x,x,x,x,x,x,x,x,x,x
  Hackney,E09000012,83,"29,775",,"39,182",,"7,319","11,748","15,876","20,083","25,605","35,550","40,901","45,430","50,907",x
  Hammersmith and Fulham,E09000013,63,"37,618",,x,,"14,952","23,103","25,840","28,468","32,961","44,036","51,460","58,851",x,x
  Haringey,E09000014,82,"28,742",,"34,727",,"7,285","13,057","16,654","19,550","23,720","34,992","43,300","46,256","47,983",x
  Islington,E09000019,71,"34,832",,x,,"13,592","21,554","24,467","26,700","30,539","44,623","51,091","58,449","62,999",x
  Kensington and Chelsea,E09000020,36,"39,011",,"73,453",,x,"20,079","22,150","25,103","31,200","47,973",x,x,x,x
  Lambeth,E09000022,112,"35,484",,"43,600",,"12,815","19,977","24,271","26,134","30,438","41,131","46,912","51,944","56,524",x
  Lewisham,E09000023,103,"29,940",,"36,626",,x,"13,551","17,109","20,292","24,682","33,821","39,767","44,359","48,656",x
  Newham,E09000025,99,"30,473",,"34,921",,"10,192","16,724","19,813","22,321","26,055","34,862","40,133","43,857","48,033",x
  Southwark,E09000028,105,"34,193",,"42,628",,x,"18,296","22,467","24,772","30,233","39,670","47,605","50,426","56,999",x
  Tower Hamlets,E09000030,101,"35,949",,"45,076",,"10,008","18,066","21,461","24,186","31,274","40,988","48,500","54,693","61,184",x
  Wandsworth,E09000032,119,"37,929",,"59,152",,"10,926","20,414","24,822","27,725","32,886","45,062","55,434","62,771","72,699",x
  Westminster,E09000033,54,"39,635",,"59,525",,"14,734","22,833","24,868","27,381","33,641","45,551","52,707",x,x,x
Outer London,E13000002,"1,714","30,766",,"38,414",,"9,360","16,051","19,033","21,546","26,032","36,000","42,385","46,434","51,641","68,525"
  Barking and Dagenham,E09000002,53,"26,674",,"29,029",,"7,137","10,710","14,426","17,788","22,969","31,618","34,966","37,312","40,868",x
  Barnet,E09000003,117,"30,000",,"41,030",,"8,418","14,962","18,645","20,868","24,905","35,216","42,374","45,940","51,469",x
  Bexley,E09000004,87,"29,274",,"37,921",,"10,357","16,648","19,196","22,126","26,514","36,527","43,256","46,629","48,515",x
  Brent,E09000005,102,"28,367",,"33,338",,"10,015","15,592","17,999","19,945","23,564","33,227","39,565","43,176","46,558",x
  Bromley,E09000006,120,"34,020",,"44,697",,x,"15,987","19,644","21,818","27,460","39,998","48,129","52,568",x,x
  Croydon,E09000008,131,"32,065",,"36,934",,"9,670","18,000","20,754","22,875","28,160","36,908","42,654","46,796","51,523",x
  Ealing,E09000009,122,"29,676",,"41,583",,"8,567","15,178","18,009","20,561","24,883","35,161","40,641","46,426","52,512",x
  Enfield,E09000010,94,"27,519",,"32,481",,"8,134","12,383","15,012","18,613","23,321","31,922","38,469","43,566","50,156",x
  Greenwich,E09000011,90,"31,116",,"39,884",,x,"17,160","19,821","21,716","26,921","35,704","44,924","49,972","56,661",x
  Harrow,E09000015,77,"30,979",,"37,542",,x,"15,308","18,573","20,676","25,407","37,693","44,151","47,751","52,462",x
  Havering,E09000016,88,"30,587",,"36,093",,"9,476","15,565","18,454","20,840","27,775","35,806","40,932","46,157","51,644",x
  Hillingdon,E09000017,104,"30,815",,"34,732",,x,"18,441","21,062","23,023","26,935","36,383","41,812","45,527","49,281",x
  Hounslow,E09000018,89,"26,840",,"34,119",,"8,991","14,065","16,288","18,924","23,937","31,514","38,235","40,472","45,799",x
  Kingston upon Thames,E09000021,62,"35,130",,"45,581",,"11,420","19,511","22,869","24,425","30,070","41,929","48,267","52,665",x,x
  Merton,E09000024,73,"29,884",,"42,511",,"9,705","17,816","20,440","22,814","27,000","35,461","42,888","48,006",x,x
  Redbridge,E09000026,81,"31,407",,"36,905",,x,x,x,x,"26,225","35,847","42,429",x,x,x
  Richmond upon Thames,E09000027,61,"36,520",,"55,034",,"10,881",x,"23,177","25,673","31,285","43,883","52,347",x,x,x
  Sutton,E09000029,75,"29,931",,"35,259",,"8,584","14,600","18,221","20,448","26,142","35,254","38,617",x,x,x
  Waltham Forest,E09000031,89,"31,996",,"36,836",,"10,840","17,851","21,005","23,121","27,294","36,450","41,712","45,936","49,990",x
South East ,E12000008,"3,646","28,239",,"34,812",,"9,060","15,003","17,878","19,889","23,997","33,000","39,035","42,501","46,704","61,736"
Bracknell Forest UA,E06000036,56,"31,911",,"36,547",,"11,998","18,258","19,954","21,596","26,459","37,686","42,630","46,225",x,x
Brighton and Hove UA,E06000043,128,"26,289",,"30,663",,"7,865","13,132","16,466","18,848","22,579","31,079","35,392","38,049","41,865",x
Buckinghamshire UA,E06000060,204,"29,170",,"38,151",,x,"15,019","18,000","20,285","24,184","34,453","41,330","45,289","50,539",x
Isle of Wight UA,E06000046,44,"21,640",,"25,857",,"7,764","12,442","14,590","15,359","19,027","25,156","30,292","33,716","36,351",x
Medway UA,E06000035,108,"26,893",,"30,228",,"9,229","15,866","17,874","19,551","23,355","30,372","35,825","38,742","40,942",x
Milton Keynes UA,E06000042,110,"29,713",,"34,326",,"12,315","17,908","19,344","21,007","24,880","35,000","40,800","43,837","50,799",x
Portsmouth UA,E06000044,76,"24,999",,"27,355",,"7,698","12,665","14,658","17,957","20,977","28,132","32,974","35,762","40,654",x
Reading UA,E06000038,71,"31,183",,"37,104",,x,"17,403","20,126","21,588","25,461","36,542","42,522","45,146","50,815",x
Slough UA,E06000039,52,"29,758",,"33,065",,"10,870","18,005","20,325","21,670","25,517","34,761","38,961","42,948","47,296",x
Southampton UA,E06000045,108,"26,970",,"29,656",,"9,461","15,686","18,023","19,649","22,705","30,875","35,504","38,013","40,117",x
West Berkshire UA,E06000037,68,"31,009",,"39,736",,x,"18,215","21,026","23,074","27,509","34,169","44,608",x,x,x
Windsor and Maidenhead UA,E06000040,65,"32,210",,"46,719",,"9,474","17,725","20,431","22,855","27,757","38,825","47,592","50,780",x,x
Wokingham ,E06000041,76,"33,925",,"42,308",,"10,939",x,"19,433","22,588","27,135","38,978","50,179",x,x,x
East Sussex,E10000011,195,"24,046",,"29,514",,"8,158","12,830","14,462","17,189","20,432","27,891","34,551","38,067","40,941",x
  Eastbourne,E07000061,33,"23,627",,"27,493",,x,x,x,"17,022","20,380","27,084","36,063",x,x,x
  Hastings,E07000062,37,"22,988",,"25,024",,"9,589","14,001","15,538","17,644","20,185","26,009","30,864","34,009","36,266",x
  Lewes,E07000063,37,"27,142",,"34,327",,x,"13,264","15,939","18,796","22,676","31,698","36,222",x,x,x
  Rother,E07000064,30,"22,401",,"30,171",,"8,070","11,173","12,653","14,244","18,944","25,922","31,900",x,x,x
  Wealden,E07000065,59,"24,498",,"30,119",,"6,871","12,200","14,005","16,027","20,042","29,655","36,834","40,388",x,x
Hampshire,E10000014,624,"28,607",,"33,637",,"9,157","15,218","18,397","20,170","24,522","33,447","39,142","41,808","46,023","60,657"
  Basingstoke and Deane,E07000084,82,"32,544",,"36,362",,"11,602","19,367","21,129","22,949","27,763","37,667","41,524","44,498","49,364",x
  East Hampshire,E07000085,59,"29,212",,"38,452",,"9,445","15,967","18,174","20,122","25,558","34,200","40,769","44,624",x,x
  Eastleigh,E07000086,70,"28,822",,"31,869",,x,"16,215","19,043","20,404","24,775","32,764","38,543","41,791","45,303",x
  Fareham,E07000087,50,x,,"35,160",,x,x,x,x,x,x,x,x,x,x
  Gosport,E07000088,39,"26,464",,"29,375",,x,"13,254","17,286","19,258","22,572","30,775","35,344","37,746","41,590",x
  Hart,E07000089,37,"30,943",,"40,750",,"10,046","17,254","21,726","24,294","27,896","39,240","46,054",x,x,x
  Havant,E07000090,50,"24,526",,"28,284",,"8,385","13,638","16,442","18,955","22,294","27,674","33,713","37,135","42,249",x
  New Forest,E07000091,75,"23,847",,"29,122",,x,"10,566","12,391","14,686","19,554","28,414","34,082","38,558",x,x
  Rushmoor,E07000092,42,"27,446",,"33,668",,x,"17,225","19,273","20,931","23,891","33,376","38,079","40,605","42,461",x
  Test Valley,E07000093,66,"28,520",,"32,038",,"8,692","13,920","17,485","19,713","23,831","32,629","37,640","40,533","44,491",x
  Winchester,E07000094,54,"31,977",,"36,468",,"10,598","17,250","20,850","22,712","26,403","35,965","40,386","42,478",x,x
Kent,E10000016,559,"27,150",,"34,753",,"9,004","14,802","17,082","18,992","22,883","31,673","37,652","41,373","45,862","58,753"
  Ashford,E07000105,43,"24,333",,"29,184",,"10,033","15,013","16,131","17,576","20,732","29,354","33,176","35,093",x,x
  Canterbury,E07000106,54,"24,727",,"30,970",,x,x,x,x,"21,427",x,x,x,x,x
  Dartford,E07000107,44,"29,056",,"33,112",,"10,864","16,039","18,982","21,521","25,559","34,986","40,555","42,175","44,992",x
  Dover,E07000108,36,"25,463",,"30,126",,"9,119","14,220","17,125","18,392","22,603","29,481","35,002","36,732","41,107",x
  Gravesham,E07000109,37,"27,368",,"30,677",,x,x,x,"19,062","23,867","30,584","38,983","42,186",x,x
  Maidstone,E07000110,69,"28,068",,"32,440",,"10,297","14,478","17,565","19,334","23,243","32,000","38,058","41,924",x,x
  Sevenoaks,E07000111,42,x,,"41,777",,x,x,x,x,x,x,x,x,x,x
  Folkestone and Hythe,E07000112,37,"26,078",,"29,282",,"7,206","13,184","16,354","18,608","22,196","31,762","36,421","39,932","43,276",x
  Swale,E07000113,60,"26,053",,"31,762",,x,"14,998","16,657","18,214","21,646","30,590","35,485","38,151",x,x
  Thanet,E07000114,43,"22,730",,"26,701",,x,x,x,x,"18,938","26,525",x,x,x,x
  Tonbridge and Malling,E07000115,55,"31,218",,"38,925",,"9,723","15,775","18,909","21,206","27,102","36,379","43,211","47,920","53,723",x
  Tunbridge Wells,E07000116,40,"32,352",,x,,x,"18,318","20,010","22,033","26,696","37,626","46,587",x,x,x
Oxfordshire,E10000025,316,"29,543",,"34,488",,"9,808","16,464","19,408","21,344","25,070","34,343","40,000","43,501","47,195","57,012"
  Cherwell,E07000177,67,"29,579",,"33,169",,"10,387","16,657","18,455","20,392","24,075","33,991","38,908","42,108","45,711",x
  Oxford,E07000178,64,"29,261",,"32,963",,"8,440","16,329","20,127","21,302","24,677","34,022","39,266","41,450","44,983",x
  South Oxfordshire,E07000179,64,"31,031",,"39,072",,x,x,x,x,"26,415","36,077","40,728",x,x,x
  Vale of White Horse,E07000180,64,"32,099",,"37,016",,"10,667","18,649","21,235","22,526","26,752","35,538","42,672","46,670","53,025",x
  West Oxfordshire,E07000181,57,"27,250",,"29,716",,"9,049","14,925","16,508","20,317","23,239","29,570","37,517","40,673","44,985",x
Surrey,E10000030,450,"31,619",,"42,296",,"9,369","15,294","18,281","20,972","27,076","37,803","44,730","48,834","54,502","75,355"
  Elmbridge,E07000207,48,"32,836",,x,,"9,343","14,974","17,130","22,011","28,321","39,620","46,354",x,x,x
  Epsom and Ewell,E07000208,33,"29,545",,"33,835",,x,"13,057","16,627","19,807","25,459","34,606",x,x,x,x
  Guildford,E07000209,57,"32,518",,"41,792",,"9,583","16,175","19,889","21,723","27,491","40,409","47,081",x,x,x
  Mole Valley,E07000210,33,"28,039",,"40,259",,x,"11,968","14,914","16,929","23,523","32,292","45,506",x,x,x
  Reigate and Banstead,E07000211,50,"32,291",,"39,522",,"10,431","15,766","18,336","21,089","26,284","37,986","43,606","46,566",x,x
  Runnymede,E07000212,32,"33,500",,"37,605",,x,"17,370","19,753","21,051","28,590","36,869","43,011","48,098",x,x
  Spelthorne,E07000213,38,"31,440",,x,,"8,882",x,x,"24,400","28,120","36,843","45,031",x,x,x
  Surrey Heath,E07000214,35,"36,930",,"45,475",,"10,579","19,176","21,745","25,842","31,521","42,643","50,544",x,x,x
  Tandridge,E07000215,32,"30,006",,"41,660",,x,"12,258","15,634","19,163","26,628","36,571","41,041","46,806",x,x
  Waverley,E07000216,49,"30,305",,"40,941",,"10,037","15,796","17,919","19,946","24,991","37,436","45,933","49,307",x,x
  Woking,E07000217,43,"30,188",,"36,523",,"9,218","14,945","17,640","19,296","24,200","37,133","40,940","43,447",x,x
West Sussex,E10000032,339,"25,678",,"30,744",,"8,573","13,343","16,336","18,532","22,138","29,963","35,613","38,372","42,432",x
  Adur,E07000223,22,x,,"26,505",,"8,712",x,x,x,x,x,x,x,x,x
  Arun,E07000224,55,"22,938",,"26,217",,"8,821","12,490","15,225","17,366","20,369","25,563","31,813","34,613","37,228",x
  Chichester,E07000225,41,"24,423",,"28,614",,"7,529","12,982","14,819","18,037","20,880","28,098","33,270","38,218","44,411",x
  Crawley,E07000226,47,"26,673",,"31,046",,"9,219","15,186","17,548","18,862","22,824","30,734","34,312","38,148","43,711",x
  Horsham,E07000227,55,"25,787",,"33,426",,"7,582","10,786","13,597","17,293","21,033","29,888","38,569","42,670",x,x
  Mid Sussex,E07000228,72,"27,428",,"34,991",,x,x,"18,534","20,463","24,628","33,569",x,x,x,x
  Worthing,E07000229,47,"26,673",,"29,879",,x,"13,601","17,109","19,032","23,964","30,236",x,x,x,x
South West ,E12000009,"2,048","24,167",,"28,130",,"8,253","12,975","15,338","17,516","20,901","28,050","32,633","35,500","38,892","49,833"
Bath and North East Somerset UA,E06000022,67,"24,204",,"29,573",,"7,748","11,798","13,603","15,963","20,000","27,881","33,143","38,064",x,x
"Bournemouth, Christchurch and Poole UA",E06000058,141,"24,321",,"28,790",,x,"14,163","17,195","18,613","21,325","28,119","32,531","35,639","39,582",x
"Bristol, City of UA",E06000023,188,"26,936",,"30,482",,"9,476","14,977","17,264","19,288","23,052","30,947","35,220","38,040","41,609",x
Dorset UA,E06000059,136,"24,579",,"27,433",,"6,711","12,212","14,568","17,380","21,063","27,948","32,164","35,414","39,033",x
North Somerset UA,E06000024,81,"24,968",,"29,201",,"9,603","14,309","16,862","18,134","21,219","28,492","34,631","38,128","41,455",x
Plymouth UA,E06000026,78,"22,064",,"23,735",,"7,756","12,588","13,946","16,255","19,619","24,738","28,249","30,000","33,402",x
South Gloucestershire UA,E06000025,116,"26,020",,"29,293",,"8,478","14,365","16,388","18,371","21,877","30,223","34,970","39,029","41,597",x
Swindon UA,E06000030,98,"27,247",,"31,977",,"10,010","15,966","18,214","20,351","23,445","30,691","34,888","38,540","43,873",x
Torbay UA,E06000027,50,"23,293",,"24,889",,"9,326","13,203","15,222","16,696","19,707","25,448","29,252","31,535","34,906",x
Cornwall UA,E06000052,163,"21,339",,"23,898",,x,"11,733","13,653","14,892","18,584","24,441","29,053","30,879","34,306",x
Isles of Scilly ,E06000053,x,x,,x,,x,x,x,x,x,x,x,x,x,x
Wiltshire UA,E06000054,203,"24,855",,"30,438",,"8,019","13,106","15,227","17,682","21,353","29,029","33,996","36,667","40,832","52,907"
Devon,E10000008,273,"22,346",,"25,919",,x,"11,499","13,763","15,677","19,545","25,882","30,500","33,374","36,571",x
  East Devon,E07000040,48,"23,551",,"28,091",,x,"12,090","15,113","17,997","20,919","28,066","32,453","36,922","39,723",x
  Exeter,E07000041,48,"23,340",,"26,728",,x,x,"15,192","17,796","20,561","28,778","33,489","34,949","38,757",x
  Mid Devon,E07000042,x,x,,x,,x,x,x,x,x,x,x,x,x,x
  North Devon,E07000043,36,"21,335",,"23,135",,"6,238","10,302","12,148","13,128","16,473","23,710","26,701","28,792","30,589",x
  South Hams,E07000044,23,"24,066",,"29,005",,"8,678","13,040","14,459","16,713","20,301","27,280","32,987","36,268",x,x
  Teignbridge,E07000045,42,"21,499",,"25,092",,x,x,"15,116","16,223","19,623","24,758","29,789",x,x,x
  Torridge,E07000046,27,x,,"23,447",,x,"9,291","10,982","12,301",x,x,x,x,x,x
  West Devon,E07000047,18,"19,539",,"22,841",,x,"8,926",x,"12,229","16,285","21,901",x,x,x,x
Gloucestershire,E10000013,229,"25,725",,"30,137",,"8,603","13,742","16,333","18,462","21,940","30,290","35,250","38,407","42,489","53,420"
  Cheltenham,E07000078,46,"30,445",,"34,711",,"8,804","15,951","18,904","20,957","24,288","34,446","38,585","44,219",x,x
  Cotswold,E07000079,31,"22,067",,"29,686",,"8,501","12,500","15,410","17,335","19,731","29,512","33,842","38,074",x,x
  Forest of Dean,E07000080,27,"23,576",,"29,455",,"8,119","11,978","14,448","16,086","20,397","27,813","35,601",x,x,x
  Gloucester,E07000081,48,"23,649",,"26,681",,"8,755","13,077","15,817","18,402","21,105",x,x,x,x,x
  Stroud,E07000082,44,"25,159",,"30,302",,"8,441","13,749","16,554","18,547","22,354","29,368","34,347","37,685","40,707",x
  Tewkesbury,E07000083,32,"28,308",,"29,495",,x,x,x,x,"23,973","32,012","35,134",x,x,x
Somerset,E10000027,226,"23,128",,"26,971",,"7,980","12,581","14,481","16,761","20,063","26,633","30,999","33,361","36,706","48,185"
  Mendip,E07000187,50,"22,723",,"27,408",,x,"12,696","14,028","16,088","19,221","26,313","31,169","32,778","35,772",x
  Sedgemoor,E07000188,44,"21,790",,"27,859",,"7,512","11,479","13,550","17,052","19,404","26,350","28,934","31,846","35,999",x
  South Somerset,E07000189,74,"23,956",,"26,615",,x,"12,936","14,826","16,386","20,584","27,495","32,112","35,053","38,024",x
  Somerset West and Taunton,E07000246,59,"23,604",,"26,383",,"8,626","12,665","15,327","17,330","20,572","27,315","30,750","33,526","36,218",x
Wales  ,W92000004,"1,094","24,030",,"27,118",,"8,757","13,817","16,074","17,988","20,924","27,808","32,234","35,187","38,512","46,439"
Isle of Anglesey / Ynys Môn,W06000001,24,"26,322",,"27,212",,x,"14,597","16,729","18,520","20,972","28,672","31,926","34,805",x,x
Gwynedd / Gwynedd,W06000002,40,"19,875",,"23,116",,"6,772","10,920","13,200","14,180","17,494","23,359","25,813","30,383","34,712",x
Conwy / Conwy,W06000003,42,"22,699",,"25,115",,"7,165","11,404","14,090","15,631","18,486","25,988","32,634","34,430","37,926",x
Denbighshire / Sir Ddinbych,W06000004,28,"22,009",,"24,056",,"8,720","12,223","13,483","15,287","19,738","24,214","28,744","31,440","33,372",x
Flintshire / Sir y Fflint,W06000005,59,"24,829",,"32,620",,"11,179","16,218","18,067","19,051","20,822","30,014","33,164","35,796","37,797",x
Wrexham / Wrecsam,W06000006,53,"23,572",,"25,957",,"8,288","12,479","15,538","17,501","20,174","26,751","31,900","33,461","36,972",x
Powys / Powys,W06000023,36,"22,283",,"24,663",,x,"12,543","14,617","16,422","20,142","25,012","30,475","32,670","34,889",x
Ceredigion / Ceredigion,W06000008,26,"23,401",,"27,453",,x,"12,818","14,682","17,525","20,299","27,222","30,820","36,537",x,x
Pembrokeshire / Sir Benfro,W06000009,39,"23,757",,"27,923",,"8,695","13,963","15,455","17,283","21,203","27,708","33,361","37,575","41,111",x
Carmarthenshire / Sir Gaerfyrddin,W06000010,70,"24,454",,"27,758",,"8,466","13,112","15,921","17,771","21,168","27,620","33,245","36,095","39,826",x
Swansea / Abertawe,W06000011,80,"23,485",,"26,225",,"8,628","13,534","15,993","17,930","20,615","27,985","30,874","33,243","37,224",x
Neath Port Talbot / Castell-nedd Port Talbot,W06000012,55,"24,935",,"27,374",,"9,507","15,196","17,011","18,934","21,704","29,229","32,987","36,267","38,919",x
Bridgend / Pen-y-bont ar Ogwr,W06000013,52,"23,836",,"26,204",,"7,671","12,939","16,460","18,144","20,734","27,672","32,313","35,334","39,770",x
Vale of Glamorgan / Bro Morgannwg,W06000014,44,"26,121",,"29,462",,"9,871","16,770","18,550","20,012","22,481","29,994","35,900","39,469","41,958",x
Cardiff / Caerdydd,W06000015,126,"24,657",,"27,605",,"9,701","14,140","16,086","18,378","21,903","28,401","32,669","35,575","39,054","49,236"
Rhondda Cynon Taf / Rhondda Cynon Taf,W06000016,86,"23,127",,"25,795",,"7,891","13,180","15,289","17,086","20,214","25,929","30,520","33,785","36,638",x
Merthyr Tydfil / Merthyr Tudful,W06000024,28,"24,645",,"27,502",,x,"15,999","18,264","19,586","21,911","27,621","30,066","31,568",x,x
Caerphilly / Caerffili,W06000018,65,"24,782",,"26,584",,"8,151","12,760","15,026","17,673","20,977","28,447","31,454","33,710","38,443",x
Blaenau Gwent / Blaenau Gwent,W06000019,22,"21,794",,"23,950",,x,"12,603","17,143","18,405","20,085","25,557","29,646","32,808","35,309",x
Torfaen / Torfaen,W06000020,31,"23,370",,"27,788",,x,"15,577","17,718","19,982","21,773","26,503","34,533","36,965","38,428",x
Monmouthshire / Sir Fynwy,W06000021,32,"29,914",,"33,575",,"8,983","16,934","18,171","20,480","23,859","34,124","39,627","41,206",x,x
Newport / Casnewydd,W06000022,58,"24,583",,"26,933",,"9,345","15,344","17,490","18,519","21,952","28,423","32,228","34,785","39,409",x
Scotland ,S92000003,"2,023","26,078",,"29,896",,"9,170","14,737","17,174","19,101","22,538","30,449","35,427","38,430","41,468","50,987"
Aberdeen City,S12000033,93,"25,278",,"28,725",,"8,612","14,200","17,142","18,760","21,949","28,930","34,206","36,585","40,392",x
Aberdeenshire,S12000034,84,"25,128",,"29,650",,"8,031","13,197","15,050","17,934","21,738","29,968","35,234","38,277","41,895",x
Angus,S12000041,46,"23,594",,"26,419",,x,"12,924","15,048","17,196",x,"28,619","32,486",x,x,x
Argyll and Bute,S12000035,32,"23,477",,"23,722",,x,"11,645","13,652","16,112","19,647","26,204","30,063","32,335","34,827",x
Clackmannanshire,S12000005,24,"27,020",,"30,459",,"10,253","16,648","17,884","19,747","23,114","30,321","34,953","36,627",x,x
Dumfries and Galloway,S12000006,50,"23,030",,"25,346",,"7,992","12,177","15,320","17,535","19,668","26,478","30,239","33,575","35,651",x
Dundee City,S12000042,57,"24,808",,"26,070",,"9,870","15,554","18,178","19,811","21,440","27,276","31,450","33,780","35,859",x
East Ayrshire,S12000008,51,"25,135",,"27,938",,"8,581","12,968","15,035","18,685","21,707","30,222","34,161","37,978","40,615",x
East Dunbartonshire,S12000045,40,"30,860",,"37,693",,"11,910","16,140","17,385","20,486","25,551","36,081","43,485","45,006","49,890",x
East Lothian,S12000010,37,x,,"30,409",,x,x,x,x,x,x,x,x,x,x
East Renfrewshire,S12000011,35,"35,077",,"42,517",,x,x,x,"24,376","27,408","42,184",x,x,x,x
City of Edinburgh,S12000036,180,"28,164",,"34,627",,"10,277","15,528","18,276","20,284","24,149","32,724","39,631","43,253","47,533",x
Falkirk,S12000014,60,"25,909",,"28,066",,"9,628","15,206","18,128","19,755","22,818","29,895","33,023","35,015","37,834",x
Fife,S12000047,137,"25,599",,"28,873",,"9,010","13,728","16,886","18,795","21,806","30,000","35,080","37,454","41,412","49,283"
Glasgow City,S12000049,219,"25,461",,"29,429",,"8,819","14,293","16,505","18,476","21,662","30,277","35,506","38,401","41,479",x
Highland,S12000017,92,"25,377",,"27,698",,"8,970","13,970","16,355","18,945","22,261","29,108","34,672","36,579","39,120",x
Inverclyde,S12000018,27,"24,796",,"25,884",,"8,445","11,949","14,341","15,596","19,503","29,305","32,479","34,453","37,207",x
Midlothian,S12000019,45,"25,636",,"29,349",,"9,420","14,267","15,878","19,116","21,999","28,950","33,935","36,877","40,873",x
Moray,S12000020,33,"22,966",,"28,147",,x,"11,985","13,237","15,701","19,528","25,659","31,593","37,519",x,x
Na h-Eileanan Siar,S12000013,9,"27,152",,"29,444",,x,x,"21,272","22,459","25,915","29,619",x,x,x,x
North Ayrshire,S12000021,50,"26,408",,"29,296",,"8,814",x,"17,446","18,992","21,853","31,449","35,151","38,279",x,x
North Lanarkshire,S12000050,131,"25,770",,"28,517",,"8,988","14,992","17,419","19,543","22,938","29,825","34,971","37,095","40,000","47,496"
Orkney Islands,S12000023,10,"21,434",,"26,663",,x,x,x,"18,100","19,887",x,x,x,x,x
Perth and Kinross,S12000048,68,"26,775",,"30,741",,"11,696","15,843","17,524","18,975","22,913","30,079","34,963","38,208","41,251",x
Renfrewshire,S12000038,64,"27,569",,"30,806",,"8,966","15,029","17,214","19,952","23,996","32,954","37,944","40,708","43,248",x
Scottish Borders,S12000026,42,"23,559",,"26,496",,"9,403","14,549","16,395","17,499","20,381","27,245","31,240","34,109","36,622",x
Shetland Islands,S12000027,10,"29,282",,"32,513",,x,"17,463","19,890","20,542","25,782","33,483","40,612",x,x,x
South Ayrshire,S12000028,39,"25,910",,"29,334",,x,x,x,x,"22,282","32,480","37,160",x,x,x
South Lanarkshire,S12000029,132,"27,200",,"30,699",,"8,942","15,433","18,395","20,183","24,158","32,614","36,914","40,698","42,181",x
Stirling,S12000030,33,"27,830",,"38,395",,"13,963","17,601","18,529","21,287","23,545","34,436","40,154","42,273",x,x
West Dunbartonshire,S12000039,34,"25,482",,"28,802",,"8,758","14,038","17,194","18,236","22,419","29,723","35,563","38,674","40,500",x
West Lothian,S12000040,59,"27,751",,"30,799",,"10,633","16,981","19,050","21,183","24,418","31,216","35,592","38,498","42,255",x
Northern Ireland ,N92000002,896,"24,068",,"27,644",,"8,283","13,312","15,430","17,590","20,877","27,671","32,582","35,067","38,751","48,345"
Not Classified,,182,"25,000",,"29,195",,"6,670","12,319","15,283","17,029","20,607","28,932","33,822","36,872","40,884",x
